parking_zone,bay_id,st_marker_id,status,location,lat,lon
,4406,C7246,Present,"(-37.807963606598314, 144.9520872066812)",-37.807963606598314,144.9520872066812
,4573,8014E,Present,"(-37.8296316908518, 144.96909856930577)",-37.8296316908518,144.96909856930577
,3267,5824E,Unoccupied,"(-37.80678413595104, 144.95351785207032)",-37.80678413595104,144.95351785207032
,3995,C5958,Unoccupied,"(-37.80387723844995, 144.95400241254293)",-37.80387723844995,144.95400241254293
,2248,3938N,Unoccupied,"(-37.81226727797973, 144.95437225197944)",-37.81226727797973,144.95437225197944
,2645,10119W,Present,"(-37.80325643016957, 144.94796492747898)",-37.80325643016957,144.94796492747898
,3375,6193W,Present,"(-37.8065656135546, 144.9511022369515)",-37.8065656135546,144.9511022369515
,3157,5349W,Present,"(-37.810148414031445, 144.95558171538377)",-37.810148414031445,144.95558171538377
,6079,13223S,Present,"(-37.81892742284184, 144.94727933973383)",-37.81892742284184,144.94727933973383
,3563,7089S,Unoccupied,"(-37.80898189187612, 144.95354385138776)",-37.80898189187612,144.95354385138776
,2694,10324E,Unoccupied,"(-37.80300386158146, 144.94403243100396)",-37.80300386158146,144.94403243100396
,3913,C5740,Present,"(-37.80500514612093, 144.9553019180858)",-37.80500514612093,144.9553019180858
,869,738E,Unoccupied,"(-37.81340305141516, 144.96849961317562)",-37.81340305141516,144.96849961317562
,3829,C5528,Unoccupied,"(-37.80677055046829, 144.95412992036552)",-37.80677055046829,144.95412992036552
,3730,7784N,Unoccupied,"(-37.802431124332074, 144.94482481471812)",-37.802431124332074,144.94482481471812
,4246,C6824,Unoccupied,"(-37.80948144669376, 144.9556201057953)",-37.80948144669376,144.9556201057953
,2643,10117W,Unoccupied,"(-37.80331033543291, 144.94795547514428)",-37.80331033543291,144.94795547514428
,3396,6235W,Present,"(-37.80594155061086, 144.95081806074066)",-37.80594155061086,144.95081806074066
,3822,C5500,Unoccupied,"(-37.80718808695781, 144.9543188718062)",-37.80718808695781,144.9543188718062
,8966,7865W,Present,"(-37.82640009326216, 144.97106667324073)",-37.82640009326216,144.97106667324073
,3846,C5576,Unoccupied,"(-37.80634703943952, 144.95393714038005)",-37.80634703943952,144.95393714038005
,4090,C6300,Present,"(-37.80476874676958, 144.95082582224578)",-37.80476874676958,144.95082582224578
,3877,C5650,Present,"(-37.806716761819445, 144.9549998749622)",-37.806716761819445,144.9549998749622
,4121,C6404,Unoccupied,"(-37.80370335884251, 144.95101367765076)",-37.80370335884251,144.95101367765076
,3726,7741S,Unoccupied,"(-37.80323523134001, 144.9504105756235)",-37.80323523134001,144.9504105756235
,3594,7329W,Present,"(-37.8055645772432, 144.94922467217737)",-37.8055645772432,144.94922467217737
,3013,5088E,Unoccupied,"(-37.80463759165694, 144.95782799435162)",-37.80463759165694,144.95782799435162
,5882,12912N,Present,"(-37.798385444199326, 144.96544383522328)",-37.798385444199326,144.96544383522328
,5266,4531W,Present,"(-37.81074527389115, 144.95299777390767)",-37.81074527389115,144.95299777390767
,3393,6229W,Present,"(-37.8060050580372, 144.95084709764473)",-37.8060050580372,144.95084709764473
,3257,5810E,Unoccupied,"(-37.80701382917928, 144.95347745313472)",-37.80701382917928,144.95347745313472
,6031,13073S,Present,"(-37.821304574786026, 144.94372722737688)",-37.821304574786026,144.94372722737688
,3894,C5700,Present,"(-37.8061403466223, 144.95510289667212)",-37.8061403466223,144.95510289667212
,3723,7735S,Unoccupied,"(-37.80326767897914, 144.95071374441312)",-37.80326767897914,144.95071374441312
,2242,3930N,Unoccupied,"(-37.81219457073095, 144.9546289525064)",-37.81219457073095,144.9546289525064
,4364,C7162,Unoccupied,"(-37.80717524022039, 144.95370755869564)",-37.80717524022039,144.95370755869564
,6421,13668E,Present,"(-37.82103994258789, 144.94543155458342)",-37.82103994258789,144.94543155458342
,2669,10178E,Present,"(-37.80410451447679, 144.94953261336826)",-37.80410451447679,144.94953261336826
,958,C830,Present,"(-37.81116388797592, 144.9673469528956)",-37.81116388797592,144.9673469528956
,4429,C7698,Present,"(-37.80363572036981, 144.9548409901965)",-37.80363572036981,144.9548409901965
,3009,5078E,Unoccupied,"(-37.804851403825936, 144.95792778815903)",-37.804851403825936,144.95792778815903
,3993,C5954,Unoccupied,"(-37.80392684324373, 144.95399357403704)",-37.80392684324373,144.95399357403704
,3888,C5676,Present,"(-37.80639421251, 144.95505754521946)",-37.80639421251,144.95505754521946
,5863,C9154,Present,"(-37.798434243639065, 144.96504816433952)",-37.798434243639065,144.96504816433952
,3602,7337W,Present,"(-37.80541851681704, 144.94924071435915)",-37.80541851681704,144.94924071435915
,6040,13000N,Unoccupied,"(-37.819277474460826, 144.9531460181991)",-37.819277474460826,144.9531460181991
,3372,6189W,Present,"(-37.80663100342997, 144.95113184139066)",-37.80663100342997,144.95113184139066
,1497,1851S,Unoccupied,"(-37.81885513602744, 144.95915096817117)",-37.81885513602744,144.95915096817117
,6753,13090N,Present,"(-37.82136677470263, 144.94474255993526)",-37.82136677470263,144.94474255993526
,3546,7066N,Unoccupied,"(-37.80861227506381, 144.9543020355954)",-37.80861227506381,144.9543020355954
,4907,9329S,Unoccupied,"(-37.8295249771529, 144.96845256736603)",-37.8295249771529,144.96845256736603
,3948,C5864,Present,"(-37.8052387829283, 144.95375936377005)",-37.8052387829283,144.95375936377005
,6255,13414E,Unoccupied,"(-37.819403790206906, 144.94756042298957)",-37.819403790206906,144.94756042298957
,6167,13224N,Unoccupied,"(-37.81878289674114, 144.94710275895125)",-37.81878289674114,144.94710275895125
,2306,2843S,Unoccupied,"(-37.81063763930144, 144.9682147683588)",-37.81063763930144,144.9682147683588
,3678,7638N,Present,"(-37.804957821738654, 144.9484872417794)",-37.804957821738654,144.9484872417794
,3665,7624N,Unoccupied,"(-37.804981341212326, 144.9486975025199)",-37.804981341212326,144.9486975025199
,6059,13040N,Present,"(-37.821126302747224, 144.94372360484854)",-37.821126302747224,144.94372360484854
,3601,7336E,Present,"(-37.80537810506202, 144.94933123203518)",-37.80537810506202,144.94933123203518
,4445,C7736,Unoccupied,"(-37.80314610524371, 144.95046851427497)",-37.80314610524371,144.95046851427497
,6910,1920N,Unoccupied,"(-37.81459062113608, 144.9693496487792)",-37.81459062113608,144.9693496487792
,3952,C5872,Present,"(-37.80514393571363, 144.95377631037417)",-37.80514393571363,144.95377631037417
,3619,7567S,Present,"(-37.805918333860525, 144.9554908226089)",-37.805918333860525,144.9554908226089
,5011,9443S,Present,"(-37.830222665972336, 144.96604735511164)",-37.830222665972336,144.96604735511164
,6263,13329W,Present,"(-37.8189196878709, 144.9484019412546)",-37.8189196878709,144.9484019412546
,3394,6231W,Present,"(-37.805983889506166, 144.95083741087637)",-37.805983889506166,144.95083741087637
,9012,9172N,Present,"(-37.83072932690226, 144.96818485448006)",-37.83072932690226,144.96818485448006
,1270,4462E,Unoccupied,"(-37.813703354077106, 144.95461916833347)",-37.813703354077106,144.95461916833347
,3680,7640N,Unoccupied,"(-37.804954659650164, 144.94845913747562)",-37.804954659650164,144.94845913747562
,3253,5806E,Present,"(-37.80706021886858, 144.9534691810597)",-37.80706021886858,144.9534691810597
,951,C810,Present,"(-37.81135346943457, 144.96743345892835)",-37.81135346943457,144.96743345892835
,9068,9288N,Unoccupied,"(-37.829054419636975, 144.96963859415112)",-37.829054419636975,144.96963859415112
,4451,C7748,Present,"(-37.803118931583, 144.95022626614318)",-37.803118931583,144.95022626614318
,1294,4486E,Unoccupied,"(-37.81267387438292, 144.95414032864602)",-37.81267387438292,144.95414032864602
,2316,2857S,Unoccupied,"(-37.81077116342536, 144.9677629883215)",-37.81077116342536,144.9677629883215
,3356,6044E,Present,"(-37.80611418666328, 144.95221261672373)",-37.80611418666328,144.95221261672373
,5248,11521S,Unoccupied,"(-37.811825749221, 144.95214162680563)",-37.811825749221,144.95214162680563
,4294,C6924,Present,"(-37.809417761366305, 144.9560472846859)",-37.809417761366305,144.9560472846859
,5313,7813W,Present,"(-37.829452221386546, 144.9710348841311)",-37.829452221386546,144.9710348841311
,3883,C5662,Present,"(-37.806542072232105, 144.9550310971518)",-37.806542072232105,144.9550310971518
,5876,12900N,Present,"(-37.79830151808934, 144.9646668998155)",-37.79830151808934,144.9646668998155
,7060,4694Ea,Unoccupied,"(-37.80479172656398, 144.95909104701795)",-37.80479172656398,144.95909104701795
,9014,9168N,Present,"(-37.830685099278455, 144.96833742562072)",-37.830685099278455,144.96833742562072
,3387,6217W,Present,"(-37.80617781003179, 144.95092591905063)",-37.80617781003179,144.95092591905063
,5235,11524N,Unoccupied,"(-37.81191442680799, 144.95141216468477)",-37.81191442680799,144.95141216468477
,6036,13083S,Unoccupied,"(-37.82113479065242, 144.94301661517727)",-37.82113479065242,144.94301661517727
,5328,7843W,Present,"(-37.827352424794405, 144.97115074040516)",-37.827352424794405,144.97115074040516
,912,C670,Present,"(-37.81440744587311, 144.96883413715778)",-37.81440744587311,144.96883413715778
,2644,10118E,Unoccupied,"(-37.803307797109184, 144.94818815873492)",-37.803307797109184,144.94818815873492
,5273,4507W,Unoccupied,"(-37.81171114451988, 144.9534480392092)",-37.81171114451988,144.9534480392092
,2686,10195W,Present,"(-37.803664376988664, 144.9494201510351)",-37.803664376988664,144.9494201510351
,4861,9264N,Unoccupied,"(-37.82890482147644, 144.97015254202498)",-37.82890482147644,144.97015254202498
,3824,C5504,Present,"(-37.807140701844034, 144.95429735415559)",-37.807140701844034,144.95429735415559
,1528,1892N,Present,"(-37.81372065885267, 144.97230264023773)",-37.81372065885267,144.97230264023773
,3975,C5918,Unoccupied,"(-37.804432818424715, 144.95390350719538)",-37.804432818424715,144.95390350719538
,4437,C7714,Unoccupied,"(-37.80358756983143, 144.95441431149385)",-37.80358756983143,144.95441431149385
,2647,10121W,Unoccupied,"(-37.803204409203346, 144.9479740924209)",-37.803204409203346,144.9479740924209
,1284,4476E,Unoccupied,"(-37.81293227279018, 144.95426076235793)",-37.81293227279018,144.95426076235793
,6309,13375W,Present,"(-37.81981416605073, 144.949885833992)",-37.81981416605073,144.949885833992
,3400,6241W,Unoccupied,"(-37.80585287262254, 144.95077786807047)",-37.80585287262254,144.95077786807047
,6082,13229S,Unoccupied,"(-37.81944163212577, 144.94547769471956)",-37.81944163212577,144.94547769471956
,2679,10188E,Present,"(-37.803845768677675, 144.94957821859185)",-37.803845768677675,144.94957821859185
,6150,C13704,Present,"(-37.820019978880744, 144.94315996150792)",-37.820019978880744,144.94315996150792
,4883,9304N,Present,"(-37.829146675759404, 144.96931992163593)",-37.829146675759404,144.96931992163593
,2637,10107W,Present,"(-37.80368282112505, 144.94789332681202)",-37.80368282112505,144.94789332681202
,3873,C5642,Unoccupied,"(-37.806819323504826, 144.95498160861192)",-37.806819323504826,144.95498160861192
,946,C790,Present,"(-37.81157057108945, 144.96753234404272)",-37.81157057108945,144.96753234404272
,4913,9335S,Present,"(-37.82955191844707, 144.96835970098678)",-37.82955191844707,144.96835970098678
,6390,13636E,Present,"(-37.8203709882682, 144.94457618624395)",-37.8203709882682,144.94457618624395
,6222,13322E,Unoccupied,"(-37.81819067770749, 144.94645995311902)",-37.81819067770749,144.94645995311902
,8963,7859W,Unoccupied,"(-37.82656085803442, 144.97109351119087)",-37.82656085803442,144.97109351119087
,3002,5058E,Present,"(-37.80516415538277, 144.95807184586596)",-37.80516415538277,144.95807184586596
,6261,13426E,Present,"(-37.81995604389223, 144.94814583143113)",-37.81995604389223,144.94814583143113
,4449,C7744,Unoccupied,"(-37.803126015104915, 144.95028936539006)",-37.803126015104915,144.95028936539006
,3191,5415W,Unoccupied,"(-37.80833177449209, 144.95472159046906)",-37.80833177449209,144.95472159046906
,5870,C9182,Unoccupied,"(-37.79846529772058, 144.96533287717432)",-37.79846529772058,144.96533287717432
,4320,C6978,Unoccupied,"(-37.809331444399675, 144.9562035389631)",-37.809331444399675,144.9562035389631
,4993,9425S,Present,"(-37.83012757737667, 144.9663746848787)",-37.83012757737667,144.9663746848787
,3848,C5584,Unoccupied,"(-37.80629975513395, 144.9539156458021)",-37.80629975513395,144.9539156458021
,5023,9457S,Unoccupied,"(-37.830296550637506, 144.96579219736887)",-37.830296550637506,144.96579219736887
,5316,7819W,Unoccupied,"(-37.82928939365385, 144.97103614796043)",-37.82928939365385,144.97103614796043
,952,C814,Present,"(-37.81133017001849, 144.96742283713283)",-37.81133017001849,144.96742283713283
,3606,7554N,Unoccupied,"(-37.80598354787373, 144.95884461925414)",-37.80598354787373,144.95884461925414
,4265,C6862,Unoccupied,"(-37.80945561676933, 144.95583569188864)",-37.80945561676933,144.95583569188864
,3694,7656N,Unoccupied,"(-37.80497846789832, 144.956914516136)",-37.80497846789832,144.956914516136
,4279,C6894,Present,"(-37.80929055733951, 144.9558667226908)",-37.80929055733951,144.9558667226908
,3845,C5572,Unoccupied,"(-37.80637067967282, 144.95394788014832)",-37.80637067967282,144.95394788014832
,5232,11518N,Unoccupied,"(-37.81181041473464, 144.95177886825996)",-37.81181041473464,144.95177886825996
,3900,C5712,Present,"(-37.80542595203332, 144.95522627588673)",-37.80542595203332,144.95522627588673
,4083,C6280,Unoccupied,"(-37.80504309612259, 144.9507772992846)",-37.80504309612259,144.9507772992846
,3010,5080E,Unoccupied,"(-37.8047886926202, 144.95789909111085)",-37.8047886926202,144.95789909111085
,1054,979W,Present,"(-37.81854591924767, 144.96220366659801)",-37.81854591924767,144.96220366659801
,3875,C5646,Present,"(-37.80676840605765, 144.95499064476647)",-37.80676840605765,144.95499064476647
,6335,13488E,Present,"(-37.81965271469275, 144.95056196067844)",-37.81965271469275,144.95056196067844
,6177,13244N,Unoccupied,"(-37.81963249537165, 144.94418446205015)",-37.81963249537165,144.94418446205015
,6254,13412E,Unoccupied,"(-37.819359673313826, 144.94751331384012)",-37.819359673313826,144.94751331384012
,4430,C7700,Present,"(-37.80363224544294, 144.9548103245295)",-37.80363224544294,144.9548103245295
,3628,7577S,Present,"(-37.8058291849574, 144.95468553992856)",-37.8058291849574,144.95468553992856
,4376,C7186,Present,"(-37.80750619198183, 144.95302924456635)",-37.80750619198183,144.95302924456635
,3264,5820E,Unoccupied,"(-37.806897853481196, 144.953498051854)",-37.806897853481196,144.953498051854
,2318,2861S,Unoccupied,"(-37.81080964501693, 144.967633211193)",-37.81080964501693,144.967633211193
,3903,C5718,Unoccupied,"(-37.805359057027225, 144.95523830079958)",-37.805359057027225,144.95523830079958
,4495,3690N,Unoccupied,"(-37.80870822758821, 144.96660477271416)",-37.80870822758821,144.96660477271416
,3350,6034E,Present,"(-37.80638211114966, 144.95216474182206)",-37.80638211114966,144.95216474182206
,3987,C5942,Unoccupied,"(-37.80407539707152, 144.9539671009614)",-37.80407539707152,144.9539671009614
,957,C828,Present,"(-37.8111871873981, 144.96735757463318)",-37.8111871873981,144.96735757463318
,3644,7599S,Unoccupied,"(-37.805337957012156, 144.9502833511384)",-37.805337957012156,144.9502833511384
,3015,5092E,Present,"(-37.80447675631378, 144.95775638940404)",-37.80447675631378,144.95775638940404
,6184,13258N,Unoccupied,"(-37.81991234380873, 144.94322369995194)",-37.81991234380873,144.94322369995194
,949,C802,Present,"(-37.8114017627735, 144.9674554739191)",-37.8114017627735,144.9674554739191
,3633,7584N,Unoccupied,"(-37.80559174454697, 144.95422564230262)",-37.80559174454697,144.95422564230262
,6045,13010N,Present,"(-37.81982751532851, 144.95122373557066)",-37.81982751532851,144.95122373557066
,2640,10113W,Unoccupied,"(-37.80352505496764, 144.94791924015442)",-37.80352505496764,144.94791924015442
,6062,13046N,Present,"(-37.82107941377973, 144.94352789890692)",-37.82107941377973,144.94352789890692
,3568,7096N,Unoccupied,"(-37.80893103506304, 144.95319811001679)",-37.80893103506304,144.95319811001679
,3348,6032E,Present,"(-37.80648440390729, 144.95214642968898)",-37.80648440390729,144.95214642968898
,8307,659W,Present,"(-37.81514065818146, 144.9690534891165)",-37.81514065818146,144.9690534891165
,5312,7811W,Unoccupied,"(-37.829506278589136, 144.97103500186853)",-37.829506278589136,144.97103500186853
,4387,C7208,Unoccupied,"(-37.80765463998226, 144.95272351758337)",-37.80765463998226,144.95272351758337
,4260,C6852,Unoccupied,"(-37.809510592273725, 144.9557626274517)",-37.809510592273725,144.9557626274517
,2691,10200E,Unoccupied,"(-37.803528781966094, 144.94963406770725)",-37.803528781966094,144.94963406770725
,5907,C9068,Unoccupied,"(-37.80293199839085, 144.9675715117793)",-37.80293199839085,144.9675715117793
,5250,11525S,Present,"(-37.81186210040582, 144.9520132830241)",-37.81186210040582,144.9520132830241
,4086,C6286,Unoccupied,"(-37.80497529927409, 144.95078932967044)",-37.80497529927409,144.95078932967044
,9066,9282N,Present,"(-37.828996896247276, 144.96983500340266)",-37.828996896247276,144.96983500340266
,8330,C7734A,Unoccupied,"(-37.8031707374671, 144.95069360507088)",-37.8031707374671,144.95069360507088
,6035,13081S,Present,"(-37.821152904500416, 144.94309232883276)",-37.821152904500416,144.94309232883276
,3195,5435W,Unoccupied,"(-37.80812111907606, 144.95462556128655)",-37.80812111907606,144.95462556128655
,4859,9262N,Unoccupied,"(-37.82889407958439, 144.97018952912822)",-37.82889407958439,144.97018952912822
,4267,C6866,Unoccupied,"(-37.80943461730371, 144.95583958698757)",-37.80943461730371,144.95583958698757
,8996,13016Nb,Present,"(-37.82037434765545, 144.94934064330513)",-37.82037434765545,144.94934064330513
,3934,C5784,Present,"(-37.80416013145049, 144.9554538402955)",-37.80416013145049,144.9554538402955
,6077,13219S,Unoccupied,"(-37.81889292380934, 144.9473986962407)",-37.81889292380934,144.9473986962407
,5259,4517W,Unoccupied,"(-37.81114875079743, 144.95318599123723)",-37.81114875079743,144.95318599123723
,5883,12914N,Unoccupied,"(-37.79839303700173, 144.96551372538534)",-37.79839303700173,144.96551372538534
,6256,13416E,Present,"(-37.81973947127898, 144.94791536302006)",-37.81973947127898,144.94791536302006
,3811,C5458,Unoccupied,"(-37.807448011270026, 144.95443689661118)",-37.807448011270026,144.95443689661118
,2661,10168E,Unoccupied,"(-37.804416546517615, 144.94947831042316)",-37.804416546517615,144.94947831042316
,8341,645W,Present,"(-37.81618810644635, 144.96953461682887)",-37.81618810644635,144.96953461682887
,5024,9459S,Unoccupied,"(-37.83030751183702, 144.9657543712225)",-37.83030751183702,144.9657543712225
,1110,C1136,Unoccupied,"(-37.8143763501657, 144.96041280692424)",-37.8143763501657,144.96041280692424
,6081,13227S,Present,"(-37.81942235225009, 144.94554422786018)",-37.81942235225009,144.94554422786018
,5249,11523S,Present,"(-37.81184392505163, 144.95207745463983)",-37.81184392505163,144.95207745463983
,3965,C5898,Present,"(-37.80472866680152, 144.95385053369245)",-37.80472866680152,144.95385053369245
,3825,C5506,Unoccupied,"(-37.80711670747934, 144.95428638590482)",-37.80711670747934,144.95428638590482
,1268,4460E,Unoccupied,"(-37.81375394177102, 144.95464267215107)",-37.81375394177102,144.95464267215107
,3365,6173W,Present,"(-37.804212839877096, 144.94314966085244)",-37.804212839877096,144.94314966085244
,4905,9327S,Unoccupied,"(-37.829516123864686, 144.96848308435517)",-37.829516123864686,144.96848308435517
,3861,C5618,Unoccupied,"(-37.807189189914745, 144.9549154453604)",-37.807189189914745,144.9549154453604
,6642,13625W,Unoccupied,"(-37.819365284575994, 144.9434416014759)",-37.819365284575994,144.9434416014759
,3402,6251S,Present,"(-37.807670399778175, 144.9664388087702)",-37.807670399778175,144.9664388087702
,4377,C7188,Present,"(-37.80751916412699, 144.95300253082087)",-37.80751916412699,144.95300253082087
,3828,C5524,Unoccupied,"(-37.80679216256973, 144.95413973020337)",-37.80679216256973,144.95413973020337
,3686,7646N,Unoccupied,"(-37.80500159217506, 144.95712214565845)",-37.80500159217506,144.95712214565845
,6248,13400E,Unoccupied,"(-37.819101718568504, 144.9472379563726)",-37.819101718568504,144.9472379563726
,3857,C5610,Unoccupied,"(-37.80729075478993, 144.95489727880891)",-37.80729075478993,144.95489727880891
,2706,10338E,Unoccupied,"(-37.803428726035634, 144.94395698879092)",-37.803428726035634,144.94395698879092
,4441,C7728,Unoccupied,"(-37.803184192208334, 144.95081336012015)",-37.803184192208334,144.95081336012015
,6393,13642E,Unoccupied,"(-37.820100077857674, 144.94445119121684)",-37.820100077857674,144.94445119121684
,8342,647W,Present,"(-37.81613310190409, 144.9695092774775)",-37.81613310190409,144.9695092774775
,2689,10198E,Unoccupied,"(-37.80357973082905, 144.94962510604972)",-37.80357973082905,144.94962510604972
,3541,7060N,Unoccupied,"(-37.808558249149854, 144.95449049698723)",-37.808558249149854,144.95449049698723
,914,C674,Present,"(-37.81436063676442, 144.96881309873686)",-37.81436063676442,144.96881309873686
,5243,11511S,Present,"(-37.81173638829861, 144.95245718481078)",-37.81173638829861,144.95245718481078
,2314,2855S,Unoccupied,"(-37.81075192758727, 144.96782788227944)",-37.81075192758727,144.96782788227944
,3404,6253S,Present,"(-37.807680383913905, 144.96640504611318)",-37.807680383913905,144.96640504611318
,4201,C6686,Unoccupied,"(-37.808745386937495, 144.95842532855065)",-37.808745386937495,144.95842532855065
,4119,C6400,Unoccupied,"(-37.80375005016145, 144.95100527683002)",-37.80375005016145,144.95100527683002
,6246,13310N,Unoccupied,"(-37.82225314054185, 144.9468388509502)",-37.82225314054185,144.9468388509502
,4440,C7726,Unoccupied,"(-37.80329122707427, 144.95175998391886)",-37.80329122707427,144.95175998391886
,4439,C7718,Present,"(-37.80357997154879, 144.95434658469168)",-37.80357997154879,144.95434658469168
,3807,C5450,Present,"(-37.80754350767742, 144.95448039110647)",-37.80754350767742,144.95448039110647
,4494,3688N,Unoccupied,"(-37.808689625442256, 144.9666683347624)",-37.808689625442256,144.9666683347624
,3966,C5900,Present,"(-37.80470462823361, 144.9538548253778)",-37.80470462823361,144.9538548253778
,4839,9239S,Present,"(-37.82884921067272, 144.97076981597644)",-37.82884921067272,144.97076981597644
,3892,C5692,Unoccupied,"(-37.80626986938957, 144.9550797471396)",-37.80626986938957,144.9550797471396
,4244,C6820,Present,"(-37.80953289851465, 144.95561158975204)",-37.80953289851465,144.95561158975204
,6744,6619S,Unoccupied,"(-37.808463852302836, 144.95974035586147)",-37.808463852302836,144.95974035586147
,3368,6179W,Present,"(-37.80406031812777, 144.94317667886412)",-37.80406031812777,144.94317667886412
,3843,C5566,Present,"(-37.80641793309145, 144.9539693463589)",-37.80641793309145,144.9539693463589
,6034,13079S,Present,"(-37.82125258940435, 144.9435102512326)",-37.82125258940435,144.9435102512326
,6645,13618E,Unoccupied,"(-37.8195015819484, 144.943665942775)",-37.8195015819484,144.943665942775
,5013,9445S,Present,"(-37.8302333537833, 144.96601013077878)",-37.8302333537833,144.96601013077878
,4251,C6834,Unoccupied,"(-37.80932853709153, 144.95565051334395)",-37.80932853709153,144.95565051334395
,3799,C5422,Present,"(-37.8081880452568, 144.95477990129928)",-37.8081880452568,144.95477990129928
,2488,C2874,Present,"(-37.810709013284594, 144.9676187371634)",-37.810709013284594,144.9676187371634
,3803,C5434,Unoccupied,"(-37.80809212219789, 144.95473598666138)",-37.80809212219789,144.95473598666138
,3673,7632N,Unoccupied,"(-37.8049688034327, 144.94858505740615)",-37.8049688034327,144.94858505740615
,5880,12908N,Unoccupied,"(-37.79836692956692, 144.96527283263367)",-37.79836692956692,144.96527283263367
,4130,C6424,Unoccupied,"(-37.803496275233954, 144.95105059551076)",-37.803496275233954,144.95105059551076
,3562,7088N,Unoccupied,"(-37.80885217507168, 144.95347329740525)",-37.80885217507168,144.95347329740525
,6144,C13680,Unoccupied,"(-37.819960436715434, 144.94336469710623)",-37.819960436715434,144.94336469710623
,2663,10170E,Present,"(-37.80435822131767, 144.9494885385869)",-37.80435822131767,144.9494885385869
,3401,6243W,Present,"(-37.80583170375059, 144.95076832070202)",-37.80583170375059,144.95076832070202
,4568,8009W,Present,"(-37.829968810061345, 144.96913198248313)",-37.829968810061345,144.96913198248313
,8989,7917W,Unoccupied,"(-37.82844524779473, 144.97107210205033)",-37.82844524779473,144.97107210205033
,4259,C6850,Unoccupied,"(-37.80916763506006, 144.95567953403548)",-37.80916763506006,144.95567953403548
,5874,C9198,Present,"(-37.79848168467851, 144.96548768683328)",-37.79848168467851,144.96548768683328
,2738,4559W,Unoccupied,"(-37.80867167411489, 144.9660838980326)",-37.80867167411489,144.9660838980326
,8347,781W,Present,"(-37.812111639871596, 144.9676573100245)",-37.812111639871596,144.9676573100245
,4379,C7192,Unoccupied,"(-37.80754433786831, 144.95295068458603)",-37.80754433786831,144.95295068458603
,862,682E,Unoccupied,"(-37.814189167542054, 144.96886001495778)",-37.814189167542054,144.96886001495778
,4362,C7158,Unoccupied,"(-37.80713630327168, 144.95378654885616)",-37.80713630327168,144.95378654885616
,2666,10174E,Unoccupied,"(-37.804214385640634, 144.94951325623254)",-37.804214385640634,144.94951325623254
,3620,7568N,Present,"(-37.80565938100267, 144.954826317798)",-37.80565938100267,144.954826317798
,2667,10176E,Unoccupied,"(-37.80415897928181, 144.94952302106753)",-37.80415897928181,144.94952302106753
,5331,7849W,Unoccupied,"(-37.82719826086641, 144.97115121650052)",-37.82719826086641,144.97115121650052
,1276,4468E,Unoccupied,"(-37.81355506304922, 144.95455077200643)",-37.81355506304922,144.95455077200643
,3815,C5474,Present,"(-37.80735379788764, 144.95439403613716)",-37.80735379788764,144.95439403613716
,4372,C7178,Present,"(-37.807439625215075, 144.9531662424701)",-37.807439625215075,144.9531662424701
,4014,C6066,Unoccupied,"(-37.805734133247434, 144.95216266993137)",-37.805734133247434,144.95216266993137
,3610,7558N,Unoccupied,"(-37.806033996519375, 144.95867183356904)",-37.806033996519375,144.95867183356904
,916,C680,Present,"(-37.814288525689115, 144.96878064119255)",-37.814288525689115,144.96878064119255
,4442,C7730,Unoccupied,"(-37.80318101848323, 144.95078523746167)",-37.80318101848323,144.95078523746167
,7061,4696Ea,Unoccupied,"(-37.80474307012923, 144.9590686673693)",-37.80474307012923,144.9590686673693
,6037,13085S,Present,"(-37.821119165074585, 144.94295135097482)",-37.821119165074585,144.94295135097482
,3618,7566N,Unoccupied,"(-37.80566694062923, 144.95489328638936)",-37.80566694062923,144.95489328638936
,3008,5072E,Present,"(-37.80495738619152, 144.95797680186288)",-37.80495738619152,144.95797680186288
,6135,C13644,Unoccupied,"(-37.81977373071475, 144.9440145055217)",-37.81977373071475,144.9440145055217
,3558,7084N,Unoccupied,"(-37.808812603559126, 144.95361138235916)",-37.808812603559126,144.95361138235916
,2681,10190E,Unoccupied,"(-37.80379246057316, 144.9495876166959)",-37.80379246057316,144.9495876166959
,3414,6263S,Unoccupied,"(-37.80774341058874, 144.9661907526817)",-37.80774341058874,144.9661907526817
,4087,C6290,Present,"(-37.80495291579882, 144.95079328591325)",-37.80495291579882,144.95079328591325
,3826,C5508,Present,"(-37.80709231981772, 144.95427534398706)",-37.80709231981772,144.95427534398706
,5060,9837S,Unoccupied,"(-37.82528281058076, 144.96991750774305)",-37.82528281058076,144.96991750774305
,2677,10186E,Unoccupied,"(-37.80389685139612, 144.94956921982626)",-37.80389685139612,144.94956921982626
,4443,C7732,Unoccupied,"(-37.80317773867142, 144.95075600524456)",-37.80317773867142,144.95075600524456
,6164,13218N,Present,"(-37.81872750478851, 144.94729299903895)",-37.81872750478851,144.94729299903895
,3819,C5490,Unoccupied,"(-37.80725899738779, 144.9543510344472)",-37.80725899738779,144.9543510344472
,6250,13404E,Unoccupied,"(-37.81918288885755, 144.94732522277087)",-37.81918288885755,144.94732522277087
,4370,C7174,Present,"(-37.80741375196129, 144.95321945888054)",-37.80741375196129,144.95321945888054
,4039,C6116,Unoccupied,"(-37.80461099949032, 144.9523591001093)",-37.80461099949032,144.9523591001093
,4295,C6926,Unoccupied,"(-37.80939289853838, 144.9559884246491)",-37.80939289853838,144.9559884246491
,3555,7081S,Unoccupied,"(-37.808902940538886, 144.95381844311694)",-37.808902940538886,144.95381844311694
,9064,9278N,Present,"(-37.82897744884528, 144.969902966706)",-37.82897744884528,144.969902966706
,6749,6629S,Unoccupied,"(-37.80855847755369, 144.95941119429182)",-37.80855847755369,144.95941119429182
,6153,C13716,Present,"(-37.820055353390515, 144.94303831911287)",-37.820055353390515,144.94303831911287
,2652,10153W,Unoccupied,"(-37.80481793310244, 144.94921772651412)",-37.80481793310244,144.94921772651412
,3635,7586N,Unoccupied,"(-37.80558417130324, 144.95415795040003)",-37.80558417130324,144.95415795040003
,4426,C7692,Present,"(-37.8036608605574, 144.95506192376945)",-37.8036608605574,144.95506192376945
,2641,10115W,Unoccupied,"(-37.80336311365046, 144.94794649930117)",-37.80336311365046,144.94794649930117
,3816,C5478,Unoccupied,"(-37.8073298126271, 144.95438333468036)",-37.8073298126271,144.95438333468036
,2328,2899S,Unoccupied,"(-37.81122660037914, 144.9661858851592)",-37.81122660037914,144.9661858851592
,3910,C5734,Unoccupied,"(-37.805078730862704, 144.95528869054613)",-37.805078730862704,144.95528869054613
,6648,13624E,Unoccupied,"(-37.81938983038466, 144.94361466006205)",-37.81938983038466,144.94361466006205
,4311,C6958,Present,"(-37.809229950896814, 144.95601853339537)",-37.809229950896814,144.95601853339537
,5183,C8018,Present,"(-37.81051613054472, 144.95231748350216)",-37.81051613054472,144.95231748350216
,4391,C7216,Present,"(-37.80771698319124, 144.95259512342693)",-37.80771698319124,144.95259512342693
,5036,9512N,Unoccupied,"(-37.82837376717498, 144.96640899509504)",-37.82837376717498,144.96640899509504
,3823,C5502,Unoccupied,"(-37.80716454585276, 144.9543081254844)",-37.80716454585276,144.9543081254844
,857,673W,Present,"(-37.81440535365421, 144.96871090989146)",-37.81440535365421,144.96871090989146
,6387,13637W,Unoccupied,"(-37.82006792589053, 144.9443343571001)",-37.82006792589053,144.9443343571001
,3251,5802E,Unoccupied,"(-37.807106293352206, 144.95346088611086)",-37.807106293352206,144.95346088611086
,4088,C6296,Present,"(-37.804813638660896, 144.95081790039853)",-37.804813638660896,144.95081790039853
,4000,C6036,Unoccupied,"(-37.806192927601, 144.95208034212433)",-37.806192927601,144.95208034212433
,3284,5850E,Unoccupied,"(-37.806470560294805, 144.95357314589475)",-37.806470560294805,144.95357314589475
,6020,13039S,Present,"(-37.821224835482575, 144.9470063923581)",-37.821224835482575,144.9470063923581
,3840,C5558,Present,"(-37.806488807731164, 144.9540015443544)",-37.806488807731164,144.9540015443544
,6260,13424E,Unoccupied,"(-37.81991272957934, 144.94809973740968)",-37.81991272957934,144.94809973740968
,3893,C5696,Present,"(-37.80624414721484, 144.95508434930292)",-37.80624414721484,144.95508434930292
,3663,7622N,Present,"(-37.804984510900766, 144.9487256136694)",-37.804984510900766,144.9487256136694
,3622,7570N,Unoccupied,"(-37.8056518213384, 144.95475934922203)",-37.8056518213384,144.95475934922203
,3561,7087S,Unoccupied,"(-37.80896248136547, 144.95361135956864)",-37.80896248136547,144.95361135956864
,6199,13311W,Present,"(-37.8203608500787, 144.94716161241865)",-37.8203608500787,144.94716161241865
,4013,C6064,Present,"(-37.80583792831153, 144.95214406960355)",-37.80583792831153,144.95214406960355
,3380,6203W,Present,"(-37.806349134859786, 144.95100392489394)",-37.806349134859786,144.95100392489394
,3906,C5726,Unoccupied,"(-37.80520172201874, 144.95526658230324)",-37.80520172201874,144.95526658230324
,3359,6051W,Present,"(-37.80615235713561, 144.95196907814835)",-37.80615235713561,144.95196907814835
,5021,9453S,Unoccupied,"(-37.830275139404506, 144.9658662466181)",-37.830275139404506,144.9658662466181
,4363,C7160,Present,"(-37.80714961979042, 144.95375923733644)",-37.80714961979042,144.95375923733644
,3881,C5658,Unoccupied,"(-37.806592399424886, 144.9550221026891)",-37.806592399424886,144.9550221026891
,3640,7595S,Unoccupied,"(-37.805352315471154, 144.95041134473956)",-37.805352315471154,144.95041134473956
,6259,13422E,Present,"(-37.819869415259575, 144.94805364400952)",-37.819869415259575,144.94805364400952
,6010,13019S,Unoccupied,"(-37.82000268152324, 144.95123377947644)",-37.82000268152324,144.95123377947644
,8334,C7736B,Unoccupied,"(-37.80315295366602, 144.95053163261065)",-37.80315295366602,144.95053163261065
,4335,C7008,Present,"(-37.80924430645762, 144.95641336062138)",-37.80924430645762,144.95641336062138
,5272,4505W,Unoccupied,"(-37.81176184617329, 144.9534716677163)",-37.81176184617329,144.9534716677163
,4254,C6840,Unoccupied,"(-37.80926994307797, 144.95566110647576)",-37.80926994307797,144.95566110647576
,8306,657W,Present,"(-37.81519141122446, 144.9690770938655)",-37.81519141122446,144.9690770938655
,6092,13251S,Unoccupied,"(-37.82011525242285, 144.9431517749976)",-37.82011525242285,144.9431517749976
,3408,6257S,Unoccupied,"(-37.807708853788455, 144.96630832170874)",-37.807708853788455,144.96630832170874
,7064,4704Ea,Present,"(-37.804516364541406, 144.9589644045107)",-37.804516364541406,144.9589644045107
,3918,C5750,Unoccupied,"(-37.80477303060156, 144.95534364200836)",-37.80477303060156,144.95534364200836
,6056,13034N,Present,"(-37.82117319038632, 144.94391931390288)",-37.82117319038632,144.94391931390288
,3661,7620N,Present,"(-37.80498763656492, 144.94875372356168)",-37.80498763656492,144.94875372356168
,8340,643W,Present,"(-37.81624159851649, 144.96955925814933)",-37.81624159851649,144.96955925814933
,2753,4592E,Present,"(-37.80740153209552, 144.96591541546846)",-37.80740153209552,144.96591541546846
,4853,9256N,Present,"(-37.828862927118344, 144.97029677805853)",-37.828862927118344,144.97029677805853
,1280,4472E,Present,"(-37.81313512024972, 144.95435502984975)",-37.81313512024972,144.95435502984975
,8968,7869W,Present,"(-37.82629768450714, 144.9710462583974)",-37.82629768450714,144.9710462583974
,5865,C9162,Present,"(-37.79844487875489, 144.96514275067392)",-37.79844487875489,144.96514275067392
,6760,13103W,Present,"(-37.82088566429645, 144.9441655051868)",-37.82088566429645,144.9441655051868
,5859,C9138,Present,"(-37.798417779622156, 144.96489529290943)",-37.798417779622156,144.96489529290943
,2665,10173W,Unoccupied,"(-37.80424624833567, 144.94931762698118)",-37.80424624833567,144.94931762698118
,4019,C6076,Present,"(-37.80514297321365, 144.95226428308345)",-37.80514297321365,144.95226428308345
,7059,4692Ea,Unoccupied,"(-37.80484250934886, 144.9591144008784)",-37.80484250934886,144.9591144008784
,6065,13052N,Present,"(-37.82103357916686, 144.9433364022451)",-37.82103357916686,144.9433364022451
,4371,C7176,Present,"(-37.80742646322691, 144.95319331349833)",-37.80742646322691,144.95319331349833
,3569,7097S,Present,"(-37.809060628854326, 144.95327000275765)",-37.809060628854326,144.95327000275765
,3682,7642N,Unoccupied,"(-37.80495149707501, 144.948431030418)",-37.80495149707501,144.948431030418
,3374,6191W,Unoccupied,"(-37.80658679914876, 144.9511118550584)",-37.80658679914876,144.9511118550584
,3564,7090N,Present,"(-37.80887228659661, 144.9534031171151)",-37.80887228659661,144.9534031171151
,2327,2897S,Present,"(-37.811207387820446, 144.9662508405088)",-37.811207387820446,144.9662508405088
,3279,5840E,Unoccupied,"(-37.80659848968227, 144.95355058329227)",-37.80659848968227,144.95355058329227
,4289,C6914,Present,"(-37.80918752192871, 144.95588594908736)",-37.80918752192871,144.95588594908736
,4423,C7686,Present,"(-37.80367465531964, 144.95518377795898)",-37.80367465531964,144.95518377795898
,2297,2793S,Unoccupied,"(-37.810467951434205, 144.9687918963204)",-37.810467951434205,144.9687918963204
,3514,6669S,Present,"(-37.808883022891514, 144.95828361591987)",-37.808883022891514,144.95828361591987
,4301,C6938,Unoccupied,"(-37.809330270096325, 144.95600001926937)",-37.809330270096325,144.95600001926937
,8308,661W,Unoccupied,"(-37.815093369132136, 144.96903145876053)",-37.815093369132136,144.96903145876053
,4063,C6164,Unoccupied,"(-37.80388628644553, 144.95248741442433)",-37.80388628644553,144.95248741442433
,4450,C7746,Unoccupied,"(-37.80312242317344, 144.9502573801377)",-37.80312242317344,144.9502573801377
,3384,6211W,Present,"(-37.806264487129894, 144.9509651348636)",-37.806264487129894,144.9509651348636
,3832,C5540,Unoccupied,"(-37.80670269150073, 144.95409900701299)",-37.80670269150073,144.95409900701299
,4272,C6880,Present,"(-37.80934619097715, 144.95579335852568)",-37.80934619097715,144.95579335852568
,917,C684,Unoccupied,"(-37.81426349973698, 144.96876939345793)",-37.81426349973698,144.96876939345793
,4250,C6832,Unoccupied,"(-37.80934732253807, 144.9556472770944)",-37.80934732253807,144.9556472770944
,3998,C5964,Present,"(-37.803803046432606, 144.95401565882918)",-37.803803046432606,144.95401565882918
,3891,C5688,Present,"(-37.8062945984034, 144.95507532753643)",-37.8062945984034,144.95507532753643
,6061,13044N,Present,"(-37.82109504413756, 144.94359313381324)",-37.82109504413756,144.94359313381324
,879,780E,Unoccupied,"(-37.81195047079741, 144.96782860739688)",-37.81195047079741,144.96782860739688
,3676,7636N,Unoccupied,"(-37.804961001825404, 144.94851534910413)",-37.804961001825404,144.94851534910413
,5236,11526N,Unoccupied,"(-37.81194395036159, 144.95130760794655)",-37.81194395036159,144.95130760794655
,4805,9130N,Unoccupied,"(-37.83018372512101, 144.97010715551073)",-37.83018372512101,144.97010715551073
,9010,9176N,Present,"(-37.830825531961594, 144.96785297264105)",-37.830825531961594,144.96785297264105
,1053,977W,Present,"(-37.81860096436384, 144.96222892276018)",-37.81860096436384,144.96222892276018
,5351,8883W,Present,"(-37.824982808080016, 144.9610747837695)",-37.824982808080016,144.9610747837695
,3929,C5774,Unoccupied,"(-37.804368447801274, 144.9554163932999)",-37.804368447801274,144.9554163932999
,4893,9315S,Unoccupied,"(-37.82946744191621, 144.96866459989212)",-37.82946744191621,144.96866459989212
,4084,C6282,Unoccupied,"(-37.805020358224084, 144.9507813485468)",-37.805020358224084,144.9507813485468
,6360,13304N,Unoccupied,"(-37.82179702903255, 144.9508139582522)",-37.82179702903255,144.9508139582522
,6073,13211S,Present,"(-37.818778775012674, 144.9477980827565)",-37.818778775012674,144.9477980827565
,4042,C6122,Unoccupied,"(-37.804539939522755, 144.95237190008652)",-37.804539939522755,144.95237190008652
,3940,C5796,Present,"(-37.80398540792126, 144.9554852483999)",-37.80398540792126,144.9554852483999
,3808,C5452,Present,"(-37.8075195968963, 144.95446934643988)",-37.8075195968963,144.95446934643988
,4298,C6932,Present,"(-37.809377574431565, 144.9560547857816)",-37.809377574431565,144.9560547857816
,1495,1847S,Present,"(-37.81881661911433, 144.95928315384032)",-37.81881661911433,144.95928315384032
,3667,7626N,Unoccupied,"(-37.804978232599524, 144.94866939081794)",-37.804978232599524,144.94866939081794
,1290,4482E,Unoccupied,"(-37.81278151294654, 144.95419047769457)",-37.81278151294654,144.95419047769457
,4266,C6864,Unoccupied,"(-37.80942924377933, 144.95577779777847)",-37.80942924377933,144.95577779777847
,2653,10155W,Unoccupied,"(-37.80476269838175, 144.94922777133996)",-37.80476269838175,144.94922777133996
,4432,C7704,Present,"(-37.80362535960599, 144.95474956666084)",-37.80362535960599,144.95474956666084
,5224,11502N,Present,"(-37.81154338985314, 144.9527237436592)",-37.81154338985314,144.9527237436592
,4381,C7196,Unoccupied,"(-37.807568064386864, 144.9529019571974)",-37.807568064386864,144.9529019571974
,4332,C7002,Unoccupied,"(-37.80930996293084, 144.95640267925893)",-37.80930996293084,144.95640267925893
,3003,5060E,Unoccupied,"(-37.80514354426124, 144.9580620873935)",-37.80514354426124,144.9580620873935
,3831,C5536,Unoccupied,"(-37.80672619347971, 144.95410969981918)",-37.80672619347971,144.95410969981918
,2676,10185W,Unoccupied,"(-37.803932779609106, 144.94937283926816)",-37.803932779609106,144.94937283926816
,3833,C5542,Unoccupied,"(-37.80667854772118, 144.9540880143075)",-37.80667854772118,144.9540880143075
,3805,C5442,Present,"(-37.80804139113411, 144.9547126926679)",-37.80804139113411,144.9547126926679
,3922,C5760,Unoccupied,"(-37.804648423233246, 144.95536603987242)",-37.804648423233246,144.95536603987242
,6033,13077S,Present,"(-37.821270967232365, 144.94358696022024)",-37.821270967232365,144.94358696022024
,3984,C5936,Unoccupied,"(-37.80414982555552, 144.95395385533615)",-37.80414982555552,144.95395385533615
,6257,13418E,Present,"(-37.819782786109386, 144.94796145681474)",-37.819782786109386,144.94796145681474
,3006,5066E,Present,"(-37.80506700905272, 144.95802706944522)",-37.80506700905272,144.95802706944522
,3838,C5552,Present,"(-37.80656093303304, 144.95403448215598)",-37.80656093303304,144.95403448215598
,5226,11506N,Present,"(-37.81159624832596, 144.9525367688051)",-37.81159624832596,144.9525367688051
,3724,7737S,Unoccupied,"(-37.80325401620138, 144.95058834497473)",-37.80325401620138,144.95058834497473
,7062,4700Ea,Unoccupied,"(-37.80463110382532, 144.95901729620357)",-37.80463110382532,144.95901729620357
,5321,7829W,Unoccupied,"(-37.82805262576258, 144.97110406201244)",-37.82805262576258,144.97110406201244
,5881,12910N,Unoccupied,"(-37.79837484550813, 144.96534595918206)",-37.79837484550813,144.96534595918206
,3360,6055W,Unoccupied,"(-37.80606678593307, 144.95198437373847)",-37.80606678593307,144.95198437373847
,3725,7739S,Unoccupied,"(-37.803247458986434, 144.95052815098978)",-37.803247458986434,144.95052815098978
,6191,13272N,Present,"(-37.82018292396344, 144.94229570425165)",-37.82018292396344,144.94229570425165
,4985,9417S,Unoccupied,"(-37.830086551284325, 144.96651645702718)",-37.830086551284325,144.96651645702718
,7053,4666Ea,Unoccupied,"(-37.805653516399715, 144.95948789451333)",-37.805653516399715,144.95948789451333
,3012,5086E,Unoccupied,"(-37.804660182853496, 144.95783832325395)",-37.804660182853496,144.95783832325395
,3820,C5494,Present,"(-37.80723525042285, 144.9543402966289)",-37.80723525042285,144.9543402966289
,5353,8887W,Unoccupied,"(-37.824908323670655, 144.96116233018282)",-37.824908323670655,144.96116233018282
,4375,C7184,Present,"(-37.80749350300659, 144.95305535791255)",-37.80749350300659,144.95305535791255
,3494,6584N,Unoccupied,"(-37.80825984138091, 144.9597589397056)",-37.80825984138091,144.9597589397056
,4131,C6428,Present,"(-37.80347326534873, 144.95105471557133)",-37.80347326534873,144.95105471557133
,3392,6227W,Present,"(-37.806048953285384, 144.9508671460027)",-37.806048953285384,144.9508671460027
,5318,7823W,Unoccupied,"(-37.82918128727978, 144.971038392475)",-37.82918128727978,144.971038392475
,3403,6252N,Present,"(-37.80758513511026, 144.96637132175528)",-37.80758513511026,144.96637132175528
,4197,C6670,Present,"(-37.80871070565439, 144.9585441698922)",-37.80871070565439,144.9585441698922
,6190,13270N,Present,"(-37.82016441447789, 144.94235971345913)",-37.82016441447789,144.94235971345913
,4036,C6110,Unoccupied,"(-37.80468600562186, 144.95234559605683)",-37.80468600562186,144.95234559605683
,5327,7841W,Unoccupied,"(-37.827402655274994, 144.97115058095847)",-37.827402655274994,144.97115058095847
,4043,C6124,Unoccupied,"(-37.80451697889771, 144.95237596698098)",-37.80451697889771,144.95237596698098
,2648,10122E,Unoccupied,"(-37.803191517115465, 144.94820900121596)",-37.803191517115465,144.94820900121596
,3046,5149W,Present,"(-37.80280546182864, 144.95685528863962)",-37.80280546182864,144.95685528863962
,3810,C5456,Unoccupied,"(-37.807471734012296, 144.95444771321013)",-37.807471734012296,144.95444771321013
,2323,2888N,Unoccupied,"(-37.810907523740994, 144.9666268212244)",-37.810907523740994,144.9666268212244
,2631,10100E,Unoccupied,"(-37.803795463066834, 144.9481016399094)",-37.803795463066834,144.9481016399094
,2700,10330E,Unoccupied,"(-37.80319296434918, 144.94399913772605)",-37.80319296434918,144.94399913772605
,2680,10189W,Present,"(-37.80382682159421, 144.94939150990004)",-37.80382682159421,144.94939150990004
,3937,C5790,Unoccupied,"(-37.804085208998885, 144.95546730823222)",-37.804085208998885,144.95546730823222
,3977,C5922,Present,"(-37.804322468655904, 144.9539231482384)",-37.804322468655904,144.9539231482384
,2708,10341W,Unoccupied,"(-37.80353234388977, 144.94388507321685)",-37.80353234388977,144.94388507321685
,3935,C5786,Unoccupied,"(-37.8041351571469, 144.95545832941366)",-37.8041351571469,144.95545832941366
,4863,9266N,Present,"(-37.828915262045584, 144.97011668627863)",-37.828915262045584,144.97011668627863
,3395,6233W,Unoccupied,"(-37.80596271642133, 144.95082772735728)",-37.80596271642133,144.95082772735728
,8331,C7734B,Present,"(-37.80316707899577, 144.9506609998553)",-37.80316707899577,144.9506609998553
,3862,C5620,Present,"(-37.80714143011748, 144.9549240681294)",-37.80714143011748,144.9549240681294
,3565,7091S,Unoccupied,"(-37.80900153817465, 144.9534755228143)",-37.80900153817465,144.9534755228143
,3896,C5704,Present,"(-37.806092441005, 144.95511145791926)",-37.806092441005,144.95511145791926
,5878,12904N,Present,"(-37.79832412543489, 144.96488078826815)",-37.79832412543489,144.96488078826815
,5877,12902N,Unoccupied,"(-37.798313847511565, 144.96478913518115)",-37.798313847511565,144.96478913518115
,3377,6197W,Present,"(-37.806500342861035, 144.95107275435578)",-37.806500342861035,144.95107275435578
,3909,C5732,Unoccupied,"(-37.805128137732524, 144.9552798098799)",-37.805128137732524,144.9552798098799
,5866,C9166,Present,"(-37.798448675108475, 144.96517647689)",-37.798448675108475,144.96517647689
,3942,C5800,Present,"(-37.803932783966495, 144.95549470757186)",-37.803932783966495,144.95549470757186
,4129,C6420,Present,"(-37.80351884180942, 144.95104654652096)",-37.80351884180942,144.95104654652096
,3044,5147W,Unoccupied,"(-37.80285324569802, 144.9568774084001)",-37.80285324569802,144.9568774084001
,3262,5816E,Unoccupied,"(-37.80694424322287, 144.95348980330635)",-37.80694424322287,144.95348980330635
,6207,13327W,Unoccupied,"(-37.81974638617298, 144.9469095362673)",-37.81974638617298,144.9469095362673
,1672,2195S,Present,"(-37.814592013878155, 144.96586862109748)",-37.814592013878155,144.96586862109748
,3544,7064N,Unoccupied,"(-37.80859440745567, 144.95436484864248)",-37.80859440745567,144.95436484864248
,3675,7634N,Unoccupied,"(-37.80496415539301, 144.94854345868964)",-37.80496415539301,144.94854345868964
,4574,8015W,Unoccupied,"(-37.82974047092655, 144.96902592745062)",-37.82974047092655,144.96902592745062
,2698,10328E,Unoccupied,"(-37.80308929485435, 144.94401711182306)",-37.80308929485435,144.94401711182306
,5857,C9130,Present,"(-37.79841124372694, 144.96483415326622)",-37.79841124372694,144.96483415326622
,2671,10180E,Unoccupied,"(-37.8040527480692, 144.94954174409875)",-37.8040527480692,144.94954174409875
,4018,C6074,Present,"(-37.805166217141114, 144.95225998005083)",-37.805166217141114,144.95225998005083
,864,686E,Unoccupied,"(-37.81413624354119, 144.9688357652647)",-37.81413624354119,144.9688357652647
,3567,7095S,Unoccupied,"(-37.80904047159493, 144.95334011301645)",-37.80904047159493,144.95334011301645
,6223,13324E,Unoccupied,"(-37.81813758797308, 144.94643655625285)",-37.81813758797308,144.94643655625285
,4128,C6418,Unoccupied,"(-37.80354154461598, 144.95104250013748)",-37.80354154461598,144.95104250013748
,5274,4509W,Unoccupied,"(-37.811660440590664, 144.953424408537)",-37.811660440590664,144.953424408537
,3916,C5746,Unoccupied,"(-37.80482565498134, 144.95533418201455)",-37.80482565498134,144.95533418201455
,4355,C7140,Present,"(-37.80844946288812, 144.9526373310938)",-37.80844946288812,144.9526373310938
,4012,C6062,Unoccupied,"(-37.8058611193095, 144.95213990621272)",-37.8058611193095,144.95213990621272
,6384,13631W,Unoccupied,"(-37.82034636670441, 144.94446289417021)",-37.82034636670441,144.94446289417021
,5015,9447S,Present,"(-37.830244231466125, 144.96597270863515)",-37.830244231466125,144.96597270863515
,4435,C7710,Present,"(-37.80359824282294, 144.95451109653197)",-37.80359824282294,144.95451109653197
,6262,13428E,Present,"(-37.8199993586387, 144.94819170152437)",-37.8199993586387,144.94819170152437
,4302,C6940,Unoccupied,"(-37.8093356516848, 144.95606244657955)",-37.8093356516848,144.95606244657955
,2655,10159W,Present,"(-37.80465392902081, 144.94924754947715)",-37.80465392902081,144.94924754947715
,3813,C5466,Present,"(-37.8074008905007, 144.95441548939652)",-37.8074008905007,144.95441548939652
,4125,C6412,Present,"(-37.80361052899204, 144.95103010525628)",-37.80361052899204,144.95103010525628
,3513,6668N,Present,"(-37.80863899645456, 144.95844499257623)",-37.80863899645456,144.95844499257623
,4361,C7156,Unoccupied,"(-37.80712310200124, 144.95381396511996)",-37.80712310200124,144.95381396511996
,2683,10192E,Unoccupied,"(-37.80373847192441, 144.94959713136984)",-37.80373847192441,144.94959713136984
,3283,5848E,Unoccupied,"(-37.80650173373205, 144.9535676381809)",-37.80650173373205,144.9535676381809
,4887,9308N,Present,"(-37.82916917565997, 144.96924263891702)",-37.82916917565997,144.96924263891702
,4401,C7236,Unoccupied,"(-37.807899678320105, 144.95221886552395)",-37.807899678320105,144.95221886552395
,2678,10187W,Unoccupied,"(-37.803879688971975, 144.94938219754158)",-37.803879688971975,144.94938219754158
,3834,C5544,Unoccupied,"(-37.80665469383226, 144.95407715763554)",-37.80665469383226,144.95407715763554
,5864,C9158,Unoccupied,"(-37.79844107478208, 144.96510894917088)",-37.79844107478208,144.96510894917088
,3704,7670N,Present,"(-37.80379372113377, 144.95711295373144)",-37.80379372113377,144.95711295373144
,3197,5444E,Present,"(-37.807953687580905, 144.95479673649325)",-37.807953687580905,144.95479673649325
,8344,631W,Present,"(-37.81654080680083, 144.96969727650588)",-37.81654080680083,144.96969727650588
,3839,C5554,Unoccupied,"(-37.80653683016629, 144.9540234970279)",-37.80653683016629,144.9540234970279
,4865,9268N,Unoccupied,"(-37.82892561982128, 144.97008112535386)",-37.82892561982128,144.97008112535386
,4393,C7220,Present,"(-37.80774063077173, 144.95254655813204)",-37.80774063077173,144.95254655813204
,5345,8871W,Unoccupied,"(-37.82543122206522, 144.96054694628188)",-37.82543122206522,144.96054694628188
,2305,2841S,Unoccupied,"(-37.81058158682423, 144.96840487167276)",-37.81058158682423,144.96840487167276
,3926,C5768,Present,"(-37.80444470791144, 144.95540268447868)",-37.80444470791144,144.95540268447868
,2672,10181W,Present,"(-37.80404052141371, 144.94935384858712)",-37.80404052141371,144.94935384858712
,3378,6199W,Present,"(-37.80647917016282, 144.95106308998027)",-37.80647917016282,144.95106308998027
,3878,C5652,Present,"(-37.806667659130824, 144.95500864718963)",-37.806667659130824,144.95500864718963
,5875,C9202,Present,"(-37.79848480646727, 144.96551685131993)",-37.79848480646727,144.96551685131993
,3801,C5426,Present,"(-37.80814069305637, 144.95475819604104)",-37.80814069305637,144.95475819604104
,3624,7573S,Unoccupied,"(-37.80584440198315, 144.9548204611726)",-37.80584440198315,144.9548204611726
,2247,3936N,Unoccupied,"(-37.81224916081595, 144.95443640358283)",-37.81224916081595,144.95443640358283
,2251,3944N,Unoccupied,"(-37.812321764801254, 144.95417995459024)",-37.812321764801254,144.95417995459024
,6328,13474E,Present,"(-37.8187948047274, 144.94988619155254)",-37.8187948047274,144.94988619155254
,4392,C7218,Present,"(-37.807728807209315, 144.9525707720099)",-37.807728807209315,144.9525707720099
,3476,6540N,Present,"(-37.80782093646036, 144.9612678162011)",-37.80782093646036,144.9612678162011
,3416,6265S,Unoccupied,"(-37.80775320631275, 144.96615764256336)",-37.80775320631275,144.96615764256336
,4317,C6972,Present,"(-37.809356342797855, 144.95626247620703)",-37.809356342797855,144.95626247620703
,3196,5437W,Unoccupied,"(-37.80808044883812, 144.95460703377822)",-37.80808044883812,144.95460703377822
,4118,C6396,Present,"(-37.8037734258926, 144.95100108193583)",-37.8037734258926,144.95100108193583
,6243,13301S,Present,"(-37.82234164036471, 144.946869916901)",-37.82234164036471,144.946869916901
,8345,633W,Unoccupied,"(-37.816489644614556, 144.96967353669518)",-37.816489644614556,144.96967353669518
,6163,13216N,Present,"(-37.81870911819312, 144.94735467296553)",-37.81870911819312,144.94735467296553
,2646,10120E,Unoccupied,"(-37.803251489583005, 144.9481982658528)",-37.803251489583005,144.9481982658528
,3550,7073S,Unoccupied,"(-37.80882498247023, 144.95408965711715)",-37.80882498247023,144.95408965711715
,4248,C6828,Unoccupied,"(-37.80938773145017, 144.95563994568715)",-37.80938773145017,144.95563994568715
,4264,C6860,Unoccupied,"(-37.80945053004468, 144.95577383741607)",-37.80945053004468,144.95577383741607
,5347,8875W,Unoccupied,"(-37.825353797628004, 144.9606383154937)",-37.825353797628004,144.9606383154937
,2298,2795S,Present,"(-37.81048682110868, 144.9687281156743)",-37.81048682110868,144.9687281156743
,4844,9244N,Unoccupied,"(-37.82876804360365, 144.9706236824099)",-37.82876804360365,144.9706236824099
,3397,6237W,Present,"(-37.80589520730427, 144.95079721963123)",-37.80589520730427,144.95079721963123
,3897,C5706,Present,"(-37.806067037313525, 144.9551160044954)",-37.806067037313525,144.9551160044954
,3818,C5486,Present,"(-37.80728263826147, 144.95436191587947)",-37.80728263826147,144.95436191587947
,3920,C5754,Unoccupied,"(-37.80469658766741, 144.9553573821334)",-37.80469658766741,144.9553573821334
,6185,13260N,Present,"(-37.819930950529155, 144.94315971846427)",-37.819930950529155,144.94315971846427
,2322,2886N,Present,"(-37.8108887374072, 144.96669066831026)",-37.8108887374072,144.96669066831026
,3280,5842E,Unoccupied,"(-37.80657529109709, 144.95355467497205)",-37.80657529109709,144.95355467497205
,3895,C5702,Present,"(-37.80611672890922, 144.95510711694146)",-37.80611672890922,144.95510711694146
,4105,C6352,Present,"(-37.80421782013373, 144.95092242388282)",-37.80421782013373,144.95092242388282
,4577,8018E,Present,"(-37.82953407573397, 144.96905443417953)",-37.82953407573397,144.96905443417953
,3570,7098N,Unoccupied,"(-37.80895014004577, 144.95313144220654)",-37.80895014004577,144.95313144220654
,6053,13028N,Present,"(-37.821218796590344, 144.94410948147316)",-37.821218796590344,144.94410948147316
,4564,8005W,Unoccupied,"(-37.83007076061647, 144.96917903594934)",-37.83007076061647,144.96917903594934
,6252,13408E,Unoccupied,"(-37.819271388509044, 144.94741912002752)",-37.819271388509044,144.94741912002752
,5346,8873W,Present,"(-37.82539182057477, 144.9605934088404)",-37.82539182057477,144.9605934088404
,8305,655W,Present,"(-37.81523874251336, 144.9690991044169)",-37.81523874251336,144.9690991044169
,2656,10160E,Present,"(-37.80464318737358, 144.9494385370504)",-37.80464318737358,144.9494385370504
,4405,C7244,Unoccupied,"(-37.807950605621684, 144.95211398570711)",-37.807950605621684,144.95211398570711
,4126,C6414,Unoccupied,"(-37.80358787018449, 144.95103430187015)",-37.80358787018449,144.95103430187015
,4358,C7150,Unoccupied,"(-37.807083488656374, 144.9538956261695)",-37.807083488656374,144.9538956261695
,2312,2851S,Unoccupied,"(-37.81071345213895, 144.9679577708581)",-37.81071345213895,144.9679577708581
,3669,7628N,Unoccupied,"(-37.80497509749722, 144.94864127967384)",-37.80497509749722,144.94864127967384
,8335,C7736C,Present,"(-37.80314956292773, 144.9505000421462)",-37.80314956292773,144.9505000421462
,4299,C6934,Present,"(-37.80935099071176, 144.9559961537129)",-37.80935099071176,144.9559961537129
,2130,3705S,Present,"(-37.80915108992147, 144.9655783623318)",-37.80915108992147,144.9655783623318
,3405,6254N,Present,"(-37.80760467000953, 144.9663048493107)",-37.80760467000953,144.9663048493107
,3874,C5644,Unoccupied,"(-37.806793863655486, 144.95498609482)",-37.806793863655486,144.95498609482
,4388,C7210,Present,"(-37.807681641432694, 144.95266786398412)",-37.807681641432694,144.95266786398412
,3890,C5684,Present,"(-37.806319546626796, 144.95507086893082)",-37.806319546626796,144.95507086893082
,5241,11507S,Present,"(-37.811649605933354, 144.95276425119542)",-37.811649605933354,144.95276425119542
,3882,C5660,Unoccupied,"(-37.806567309722695, 144.95502658681517)",-37.806567309722695,144.95502658681517
,3193,5419W,Unoccupied,"(-37.80823444070779, 144.9546771997277)",-37.80823444070779,144.9546771997277
,2696,10326E,Unoccupied,"(-37.80304693129534, 144.94402475908936)",-37.80304693129534,144.94402475908936
,3830,C5532,Unoccupied,"(-37.80674903143225, 144.95412009497187)",-37.80674903143225,144.95412009497187
,2649,10124E,Unoccupied,"(-37.80313925576209, 144.94821838550098)",-37.80313925576209,144.94821838550098
,1098,C1104,Unoccupied,"(-37.81615960326194, 144.96123167387884)",-37.81615960326194,144.96123167387884
,3637,7590N,Unoccupied,"(-37.80556771137624, 144.9540120387018)",-37.80556771137624,144.9540120387018
,3022,5106E,Unoccupied,"(-37.80431387841997, 144.95768253401354)",-37.80431387841997,144.95768253401354
,4111,C6374,Present,"(-37.804078905415935, 144.95094698339892)",-37.804078905415935,144.95094698339892
,4007,C6052,Unoccupied,"(-37.80600383270243, 144.952114287094)",-37.80600383270243,144.952114287094
,3016,5094E,Present,"(-37.80445522391068, 144.95774694686025)",-37.80445522391068,144.95774694686025
,2682,10191W,Unoccupied,"(-37.80377542661587, 144.94940056369148)",-37.80377542661587,144.94940056369148
,3604,7552N,Unoccupied,"(-37.80596466609564, 144.9589088869089)",-37.80596466609564,144.9589088869089
,4446,C7738,Unoccupied,"(-37.80314276449994, 144.95043863536836)",-37.80314276449994,144.95043863536836
,5855,C9122,Present,"(-37.79840475600588, 144.96477329313018)",-37.79840475600588,144.96477329313018
,4003,C6042,Unoccupied,"(-37.80612335462928, 144.952092831316)",-37.80612335462928,144.952092831316
,3263,5818E,Unoccupied,"(-37.806921048807496, 144.95349392731026)",-37.806921048807496,144.95349392731026
,3638,7592N,Present,"(-37.805235248863546, 144.9510389304511)",-37.805235248863546,144.9510389304511
,4016,C6070,Present,"(-37.805689637861846, 144.9521707552837)",-37.805689637861846,144.9521707552837
,3798,C5420,Present,"(-37.80821182060825, 144.95479065062798)",-37.80821182060825,144.95479065062798
,4318,C6974,Present,"(-37.80935195116392, 144.95619976326594)",-37.80935195116392,144.95619976326594
,4349,C7114,Present,"(-37.80802812515082, 144.95409821879917)",-37.80802812515082,144.95409821879917
,2307,2845S,Unoccupied,"(-37.81065640755436, 144.9681508853617)",-37.81065640755436,144.9681508853617
,4207,C6710,Unoccupied,"(-37.80879640283257, 144.9582486285122)",-37.80879640283257,144.9582486285122
,6251,13406E,Present,"(-37.81922713057791, 144.94737210655592)",-37.81922713057791,144.94737210655592
,3159,5351W,Unoccupied,"(-37.8100925321033, 144.95555611506072)",-37.8100925321033,144.95555611506072
,4995,9427S,Present,"(-37.83013830438813, 144.96633745445027)",-37.83013830438813,144.96633745445027
,3389,6221W,Present,"(-37.806112435723136, 144.95089614486108)",-37.806112435723136,144.95089614486108
,4319,C6976,Present,"(-37.809336130975176, 144.95626589693285)",-37.809336130975176,144.95626589693285
,4869,9276N,Unoccupied,"(-37.82896730532619, 144.96993785828036)",-37.82896730532619,144.96993785828036
,6137,C13652,Present,"(-37.819793849177344, 144.94394541686725)",-37.819793849177344,144.94394541686725
,3727,7762N,Unoccupied,"(-37.80254076503344, 144.9458218122118)",-37.80254076503344,144.9458218122118
,3398,6239W,Present,"(-37.805874010410136, 144.95078756712493)",-37.805874010410136,144.95078756712493
,2670,10179W,Present,"(-37.804094284673724, 144.9493444001103)",-37.804094284673724,144.9493444001103
,5352,8885W,Present,"(-37.824946075716575, 144.96111801948322)",-37.824946075716575,144.96111801948322
,3907,C5728,Unoccupied,"(-37.805177193776835, 144.95527099167967)",-37.805177193776835,144.95527099167967
,6183,13256N,Unoccupied,"(-37.81989373658233, 144.94328768081613)",-37.81989373658233,144.94328768081613
,4177,C6616,Present,"(-37.808416953404844, 144.9595582189984)",-37.808416953404844,144.9595582189984
,4386,C7206,Present,"(-37.8076428838599, 144.9527478672994)",-37.8076428838599,144.9527478672994
,3908,C5730,Unoccupied,"(-37.80515266598496, 144.95527540106525)",-37.80515266598496,144.95527540106525
,8332,C7734C,Unoccupied,"(-37.80316332831725, 144.9506278002043)",-37.80316332831725,144.9506278002043
,911,C668,Present,"(-37.814430071402604, 144.9688443056996)",-37.814430071402604,144.9688443056996
,4020,C6078,Unoccupied,"(-37.80511953669214, 144.95226842413223)",-37.80511953669214,144.95226842413223
,4428,C7696,Present,"(-37.803639267639845, 144.95487229388547)",-37.803639267639845,144.95487229388547
,6401,13655W,Unoccupied,"(-37.82024151135455, 144.9453732793993)",-37.82024151135455,144.9453732793993
,4103,C6348,Present,"(-37.80426469250205, 144.9509140071126)",-37.80426469250205,144.9509140071126
,5240,11505S,Unoccupied,"(-37.81163085341211, 144.95283057502752)",-37.81163085341211,144.95283057502752
,3278,5838E,Unoccupied,"(-37.80662168918761, 144.95354649162206)",-37.80662168918761,144.95354649162206
,2651,10151W,Present,"(-37.80487227218458, 144.94920785251884)",-37.80487227218458,144.94920785251884
,3879,C5654,Unoccupied,"(-37.80664245576149, 144.9550131565751)",-37.80664245576149,144.9550131565751
,3927,C5770,Unoccupied,"(-37.80441928801535, 144.95540725409757)",-37.80441928801535,144.95540725409757
,5271,4503W,Unoccupied,"(-37.81181254780275, 144.95349529738968)",-37.81181254780275,144.95349529738968
,6253,13410E,Unoccupied,"(-37.819315559907196, 144.94746621980698)",-37.819315559907196,144.94746621980698
,3836,C5548,Present,"(-37.80660767581779, 144.95405575694514)",-37.80660767581779,144.95405575694514
,3023,5108E,Unoccupied,"(-37.804292539726006, 144.95767318591783)",-37.804292539726006,144.95767318591783
,3381,6205W,Present,"(-37.80632796748596, 144.95099429902604)",-37.80632796748596,144.95099429902604
,3835,C5546,Unoccupied,"(-37.80663113872315, 144.95406643640456)",-37.80663113872315,144.95406643640456
,4350,C7116,Present,"(-37.80804514638703, 144.95403959462425)",-37.80804514638703,144.95403959462425
,7052,4664Ea,Unoccupied,"(-37.80570432506275, 144.95951121743832)",-37.80570432506275,144.95951121743832
,4436,C7712,Present,"(-37.80359470663074, 144.95447976391296)",-37.80359470663074,144.95447976391296
,6093,13253S,Unoccupied,"(-37.82013907685693, 144.94306994818584)",-37.82013907685693,144.94306994818584
,4001,C6038,Present,"(-37.806169736607444, 144.95208450500195)",-37.806169736607444,144.95208450500195
,4365,C7164,Unoccupied,"(-37.80718811835289, 144.95368154521253)",-37.80718811835289,144.95368154521253
,4424,C7688,Present,"(-37.80367125555499, 144.95515378078784)",-37.80367125555499,144.95515378078784
,3630,7579S,Present,"(-37.80582157665668, 144.9546180926589)",-37.80582157665668,144.9546180926589
,3642,7597S,Unoccupied,"(-37.80534515289085, 144.9503473572917)",-37.80534515289085,144.9503473572917
,3924,C5764,Unoccupied,"(-37.804495548133154, 144.95539354523032)",-37.804495548133154,144.95539354523032
,3557,7083S,Unoccupied,"(-37.80892288185282, 144.9537490876604)",-37.80892288185282,144.9537490876604
,6078,13221S,Unoccupied,"(-37.81891075794348, 144.9473373213881)",-37.81891075794348,144.9473373213881
,4329,C6996,Present,"(-37.809234010653554, 144.956283910284)",-37.809234010653554,144.956283910284
,943,C768,Present,"(-37.813204770295954, 144.96828258220722)",-37.813204770295954,144.96828258220722
,2688,10197W,Present,"(-37.803609634862845, 144.94942976511823)",-37.803609634862845,144.94942976511823
,1471,1775S,Present,"(-37.8167541660727, 144.96609310265694)",-37.8167541660727,144.96609310265694
,3837,C5550,Unoccupied,"(-37.806584304655956, 144.9540451198374)",-37.806584304655956,144.9540451198374
,3554,7079S,Unoccupied,"(-37.808883282556195, 144.95388681329126)",-37.808883282556195,144.95388681329126
,3705,7671S,Present,"(-37.80397243051007, 144.95704052838624)",-37.80397243051007,144.95704052838624
,3917,C5748,Unoccupied,"(-37.80479934256647, 144.95533891201956)",-37.80479934256647,144.95533891201956
,4046,C6130,Unoccupied,"(-37.80438686504067, 144.95239853304048)",-37.80438686504067,144.95239853304048
,3859,C5614,Unoccupied,"(-37.8072410232429, 144.9549061747726)",-37.8072410232429,144.9549061747726
,5007,9439S,Unoccupied,"(-37.830201318720114, 144.96612070938122)",-37.830201318720114,144.96612070938122
,4288,C6912,Present,"(-37.80918214379872, 144.95582412203683)",-37.80918214379872,144.95582412203683
,5872,C9190,Present,"(-37.79847513739384, 144.96542559059571)",-37.79847513739384,144.96542559059571
,4281,C6898,Unoccupied,"(-37.80927077090735, 144.95587045729843)",-37.80927077090735,144.95587045729843
,4277,C6890,Present,"(-37.809310495093584, 144.9558629671165)",-37.809310495093584,144.9558629671165
,4841,9241S,Unoccupied,"(-37.828860615796145, 144.970730489606)",-37.828860615796145,144.970730489606
,3390,6223W,Present,"(-37.806091285795176, 144.95088646363757)",-37.806091285795176,144.95088646363757
,8890,C2876,Unoccupied,"(-37.810717460357736, 144.96758983216253)",-37.810717460357736,144.96758983216253
,2664,10171W,Unoccupied,"(-37.80429710830276, 144.94930866478808)",-37.80429710830276,144.94930866478808
,8969,7871W,Present,"(-37.82580044547807, 144.9709239077456)",-37.82580044547807,144.9709239077456
,3543,7063S,Unoccupied,"(-37.8087307953435, 144.95441713063076)",-37.8087307953435,144.95441713063076
,3632,7582N,Unoccupied,"(-37.80559938943729, 144.95429309928642)",-37.80559938943729,144.95429309928642
,4044,C6126,Unoccupied,"(-37.80449363067284, 144.9523802440605)",-37.80449363067284,144.9523802440605
,3889,C5680,Unoccupied,"(-37.80634503476773, 144.95506630900354)",-37.80634503476773,144.95506630900354
,2934,4914E,Present,"(-37.80786247508767, 144.95810563582165)",-37.80786247508767,144.95810563582165
,4438,C7716,Unoccupied,"(-37.80358380942906, 144.95438074055522)",-37.80358380942906,144.95438074055522
,2660,10167W,Present,"(-37.80440418442524, 144.9492897972084)",-37.80440418442524,144.9492897972084
,3721,7724N,Unoccupied,"(-37.80324791826156, 144.95220979108632)",-37.80324791826156,144.95220979108632
,4390,C7214,Present,"(-37.80770522527534, 144.95261933784485)",-37.80770522527534,144.95261933784485
,6151,C13708,Present,"(-37.82003923050601, 144.94309376899662)",-37.82003923050601,144.94309376899662
,3376,6195W,Present,"(-37.806544410687636, 144.9510926353886)",-37.806544410687636,144.9510926353886
,3999,C5966,Unoccupied,"(-37.803778044765906, 144.95402017467023)",-37.803778044765906,144.95402017467023
,4421,C7682,Present,"(-37.803682008212505, 144.95524866067768)",-37.803682008212505,144.95524866067768
,6249,13402E,Present,"(-37.81914100824482, 144.9472807599846)",-37.81914100824482,144.9472807599846
,1837,2527S,Present,"(-37.81169320961345, 144.96815437038526)",-37.81169320961345,144.96815437038526
,886,797W,Present,"(-37.81133408286653, 144.96729994151607)",-37.81133408286653,144.96729994151607
,4447,C7740,Unoccupied,"(-37.803139591402825, 144.95041041830297)",-37.803139591402825,144.95041041830297
,1282,4474E,Present,"(-37.813033688592654, 144.95430777343313)",-37.813033688592654,144.95430777343313
,6063,13048N,Present,"(-37.82106378486651, 144.94346265553844)",-37.82106378486651,144.94346265553844
,4879,9296N,Present,"(-37.82908914685031, 144.96950626699916)",-37.82908914685031,144.96950626699916
,8343,649W,Present,"(-37.81607789160405, 144.96948384379704)",-37.81607789160405,144.96948384379704
,867,698E,Unoccupied,"(-37.813990667205346, 144.96876906434343)",-37.813990667205346,144.96876906434343
,3711,7677S,Unoccupied,"(-37.80394866334708, 144.9568252024588)",-37.80394866334708,144.9568252024588
,5867,C9170,Present,"(-37.79845224001575, 144.96520917346135)",-37.79845224001575,144.96520917346135
,6101,C13500,Unoccupied,"(-37.819219255631985, 144.9459328911147)",-37.819219255631985,144.9459328911147
,5325,7837W,Unoccupied,"(-37.82782606825873, 144.97112689939493)",-37.82782606825873,144.97112689939493
,2313,2853S,Unoccupied,"(-37.810732691242414, 144.9678928277387)",-37.810732691242414,144.9678928277387
,6148,C13696,Present,"(-37.82000385320533, 144.94321541187122)",-37.82000385320533,144.94321541187122
,3017,5096E,Unoccupied,"(-37.80443374608326, 144.9577373342755)",-37.80443374608326,144.9577373342755
,6400,13653W,Present,"(-37.82029753055295, 144.94538722060872)",-37.82029753055295,144.94538722060872
,3515,6672N,Unoccupied,"(-37.80865880458556, 144.95837673606894)",-37.80865880458556,144.95837673606894
,6745,6621S,Unoccupied,"(-37.808482050941095, 144.95967700708283)",-37.808482050941095,144.95967700708283
,954,C822,Present,"(-37.811257509886595, 144.96738963162676)",-37.811257509886595,144.96738963162676
,3386,6215W,Present,"(-37.80619898611389, 144.95093556067548)",-37.80619898611389,144.95093556067548
,4029,C6096,Present,"(-37.80485069571662, 144.95231614632763)",-37.80485069571662,144.95231614632763
,4433,C7706,Unoccupied,"(-37.80362157835981, 144.95471628095635)",-37.80362157835981,144.95471628095635
,3812,C5462,Unoccupied,"(-37.807424364820506, 144.9544261999638)",-37.807424364820506,144.9544261999638
,3919,C5752,Unoccupied,"(-37.8047467186264, 144.9553483714258)",-37.8047467186264,144.9553483714258
,9013,9170N,Present,"(-37.830710769818054, 144.9682488680851)",-37.830710769818054,144.9682488680851
,6398,13649W,Unoccupied,"(-37.82042089676618, 144.94542033551966)",-37.82042089676618,144.94542033551966
,3255,5808E,Present,"(-37.80703702449419, 144.95347330563334)",-37.80703702449419,144.95347330563334
,5230,11514N,Present,"(-37.81172820317063, 144.95206978744298)",-37.81172820317063,144.95206978744298
,5315,7817W,Present,"(-37.8293436719966, 144.97103506581627)",-37.8293436719966,144.97103506581627
,4269,C6872,Present,"(-37.80938858617459, 144.9557854341632)",-37.80938858617459,144.9557854341632
,5851,C9106,Present,"(-37.7983913980568, 144.96464837250426)",-37.7983913980568,144.96464837250426
,2674,10183W,Unoccupied,"(-37.803986538656574, 144.94936336445556)",-37.803986538656574,144.94936336445556
,5228,11510N,Present,"(-37.81169251219845, 144.95219601741596)",-37.81169251219845,144.95219601741596
,4116,C6390,Present,"(-37.803819986544745, 144.95099277694794)",-37.803819986544745,144.95099277694794
,2690,10199W,Present,"(-37.80355520552128, 144.94943939362565)",-37.80355520552128,144.94943939362565
,3000,5050E,Present,"(-37.80528745757218, 144.9581284479058)",-37.80528745757218,144.9581284479058
,4263,C6858,Present,"(-37.80947581306851, 144.95583196711485)",-37.80947581306851,144.95583196711485
,2635,10105W,Present,"(-37.80341705438269, 144.94793731799047)",-37.80341705438269,144.94793731799047
,5025,9461S,Unoccupied,"(-37.83031768271073, 144.96571850171455)",-37.83031768271073,144.96571850171455
,2684,10193W,Present,"(-37.803720972479354, 144.94941015473876)",-37.803720972479354,144.94941015473876
,3817,C5482,Unoccupied,"(-37.80730646410212, 144.9543725122746)",-37.80730646410212,144.9543725122746
,1470,1773S,Unoccupied,"(-37.816713050808474, 144.9662354050186)",-37.816713050808474,144.9662354050186
,4015,C6068,Unoccupied,"(-37.80571127328676, 144.95216680590244)",-37.80571127328676,144.95216680590244
,3277,5836E,Unoccupied,"(-37.80664488599042, 144.9535424004917)",-37.80664488599042,144.9535424004917
,5853,C9114,Unoccupied,"(-37.79839824640371, 144.9647112405815)",-37.79839824640371,144.9647112405815
,5185,C8022,Present,"(-37.81053163250514, 144.95226223951698)",-37.81053163250514,144.95226223951698
,5888,12909S,Present,"(-37.79855408394544, 144.96531027324374)",-37.79855408394544,144.96531027324374
,3004,5062E,Present,"(-37.80512292678459, 144.95805252500634)",-37.80512292678459,144.95805252500634
,5896,C9024,Unoccupied,"(-37.80287587557753, 144.9670609601942)",-37.80287587557753,144.9670609601942
,1839,2531S,Present,"(-37.81172700693746, 144.96803930487232)",-37.81172700693746,144.96803930487232
,1292,4484E,Unoccupied,"(-37.8127273293113, 144.95416523342118)",-37.8127273293113,144.95416523342118
,3844,C5568,Unoccupied,"(-37.80639428984537, 144.95395860656504)",-37.80639428984537,144.95395860656504
,8333,C7736A,Present,"(-37.80315648139222, 144.9505643124663)",-37.80315648139222,144.9505643124663
,3626,7575S,Present,"(-37.80583679377868, 144.95475299683875)",-37.80583679377868,144.95475299683875
,4206,C6706,Unoccupied,"(-37.80878804945635, 144.9582774255727)",-37.80878804945635,144.9582774255727
,3804,C5438,Present,"(-37.80806758201713, 144.9547247167863)",-37.80806758201713,144.9547247167863
,6258,13420E,Present,"(-37.819826100923, 144.94800755067544)",-37.819826100923,144.94800755067544
,4987,9419S,Present,"(-37.83009693501285, 144.96648061028844)",-37.83009693501285,144.96648061028844
,3477,6542N,Unoccupied,"(-37.80783883260787, 144.961207007023)",-37.80783883260787,144.961207007023
,3571,7099S,Unoccupied,"(-37.80907994356288, 144.95320282586704)",-37.80907994356288,144.95320282586704
,5253,11531S,Present,"(-37.811967757887714, 144.95163890435862)",-37.811967757887714,144.95163890435862
,3973,C5914,Present,"(-37.80448176840822, 144.9538948503972)",-37.80448176840822,144.9538948503972
,4989,9421S,Present,"(-37.83010731733697, 144.96644468290793)",-37.83010731733697,144.96644468290793
,3864,C5624,Present,"(-37.80709106879101, 144.95493314683276)",-37.80709106879101,144.95493314683276
,6048,13018N,Present,"(-37.8210556374137, 144.94697668939432)",-37.8210556374137,144.94697668939432
,856,671W,Present,"(-37.81445691781761, 144.96873486394122)",-37.81445691781761,144.96873486394122
,6147,C13692,Unoccupied,"(-37.81999578991213, 144.94324313732807)",-37.81999578991213,144.94324313732807
,6186,13262N,Unoccupied,"(-37.819949557664174, 144.94309573752605)",-37.819949557664174,144.94309573752605
,4017,C6072,Present,"(-37.80518907672143, 144.9522558073889)",-37.80518907672143,144.9522558073889
,6391,13638E,Present,"(-37.82031917698089, 144.9445537965233)",-37.82031917698089,144.9445537965233
,3385,6213W,Present,"(-37.80622014763526, 144.95094523460372)",-37.80622014763526,144.95094523460372
,3849,C5588,Unoccupied,"(-37.80627608274409, 144.95390490606593)",-37.80627608274409,144.95390490606593
,6425,13677W,Present,"(-37.820968971464204, 144.94621455152475)",-37.820968971464204,144.94621455152475
,3936,C5788,Unoccupied,"(-37.80411018285281, 144.95546281852842)",-37.80411018285281,144.95546281852842
,2657,10162E,Present,"(-37.80459147449535, 144.9494476362235)",-37.80459147449535,144.9494476362235
,6409,13654E,Unoccupied,"(-37.82031162170047, 144.94548627048027)",-37.82031162170047,144.94548627048027
,4070,C6178,Unoccupied,"(-37.803713326089664, 144.95251800751856)",-37.803713326089664,144.95251800751856
,4313,C6962,Unoccupied,"(-37.80920769120985, 144.9560225553128)",-37.80920769120985,144.9560225553128
,4186,C6642,Present,"(-37.80852425616692, 144.95918789262674)",-37.80852425616692,144.95918789262674
,7057,4688Ea,Unoccupied,"(-37.80494402980314, 144.9591612913402)",-37.80494402980314,144.9591612913402
,1263,4455W,Unoccupied,"(-37.814009141193395, 144.9545079009563)",-37.814009141193395,144.9545079009563
,5181,C8014,Present,"(-37.810500628557676, 144.95237272746522)",-37.810500628557676,144.95237272746522
,3912,C5738,Unoccupied,"(-37.805029674375106, 144.95529750928762)",-37.805029674375106,144.95529750928762
,3018,5098E,Unoccupied,"(-37.804412030760886, 144.95772746578052)",-37.804412030760886,144.95772746578052
,5861,C9126,Unoccupied,"(-37.798408001447044, 144.96480353238462)",-37.798408001447044,144.96480353238462
,3370,6185W,Unoccupied,"(-37.80667341985976, 144.95115105940047)",-37.80667341985976,144.95115105940047
,2324,2890N,Present,"(-37.81093248766649, 144.96654227147445)",-37.81093248766649,144.96654227147445
,3943,C5854,Present,"(-37.805362842586234, 144.95373722072688)",-37.805362842586234,144.95373722072688
,4199,C6678,Unoccupied,"(-37.80872796786283, 144.95848500888263)",-37.80872796786283,144.95848500888263
,3960,C5888,Present,"(-37.80495470294587, 144.95381007070802)",-37.80495470294587,144.95381007070802
,4101,C6340,Present,"(-37.80431152161183, 144.95090581468867)",-37.80431152161183,144.95090581468867
,2131,3707S,Unoccupied,"(-37.80916993592463, 144.96551450156215)",-37.80916993592463,144.96551450156215
,3841,C5562,Unoccupied,"(-37.806465129427735, 144.95399080398576)",-37.806465129427735,144.95399080398576
,4273,C6882,Unoccupied,"(-37.809351696022624, 144.95585524198555)",-37.809351696022624,144.95585524198555
,4054,C6146,Unoccupied,"(-37.8042026441709, 144.95243150666175)",-37.8042026441709,144.95243150666175
,4114,C6380,Present,"(-37.804008866097604, 144.95095945647938)",-37.804008866097604,144.95095945647938
,2654,10157W,Unoccupied,"(-37.80470817873153, 144.94923768619498)",-37.80470817873153,144.94923768619498
,2639,10111W,Unoccupied,"(-37.80357734637805, 144.9479108219798)",-37.80357734637805,144.9479108219798
,1838,2529S,Present,"(-37.81171009882618, 144.9680968607801)",-37.81171009882618,144.9680968607801
,3021,5104E,Present,"(-37.804335100882575, 144.95769222970844)",-37.804335100882575,144.95769222970844
,3025,5119W,Present,"(-37.80359102769667, 144.95721410852093)",-37.80359102769667,144.95721410852093
,8991,7921W,Unoccupied,"(-37.82833729707376, 144.97107964009126)",-37.82833729707376,144.97107964009126
,2633,10103W,Unoccupied,"(-37.803471559047566, 144.9479280887954)",-37.803471559047566,144.9479280887954
,863,683W,Present,"(-37.81410516230751, 144.9685714372265)",-37.81410516230751,144.9685714372265
,3506,6659S,Unoccupied,"(-37.80877860059651, 144.95864942534774)",-37.80877860059651,144.95864942534774
,918,C688,Unoccupied,"(-37.814239729403795, 144.9687587104906)",-37.814239729403795,144.9687587104906
,3383,6209W,Present,"(-37.80628564281612, 144.95097485681578)",-37.80628564281612,144.95097485681578
,4291,C6918,Present,"(-37.80943222900656, 144.95598123453217)",-37.80943222900656,144.95598123453217
,3024,5117W,Present,"(-37.8036417823928, 144.95723751206768)",-37.8036417823928,144.95723751206768
,4002,C6040,Present,"(-37.806146545613586, 144.95208866844425)",-37.806146545613586,144.95208866844425
,6155,C13724,Present,"(-37.820071481251816, 144.94298286812057)",-37.820071481251816,144.94298286812057
,3722,7733S,Unoccupied,"(-37.803275156334294, 144.95078278913218)",-37.803275156334294,144.95078278913218
,4292,C6920,Unoccupied,"(-37.809436831154784, 144.95604387808373)",-37.809436831154784,144.95604387808373
,4110,C6372,Unoccupied,"(-37.804101990803616, 144.95094279543164)",-37.804101990803616,144.95094279543164
,4324,C6986,Unoccupied,"(-37.80929193561419, 144.95621118531693)",-37.80929193561419,144.95621118531693
,3860,C5616,Present,"(-37.80721481684331, 144.9549108590483)",-37.80721481684331,144.9549108590483
,2752,4590E,Present,"(-37.80745530729499, 144.9659084655904)",-37.80745530729499,144.9659084655904
,2659,10166E,Present,"(-37.80447057318887, 144.94946883084802)",-37.80447057318887,144.94946883084802
,6187,13264N,Unoccupied,"(-37.820108855824145, 144.9425517842708)",-37.820108855824145,144.9425517842708
,4804,9128N,Present,"(-37.830173899417005, 144.97014075218613)",-37.830173899417005,144.97014075218613
,5311,7809W,Present,"(-37.82956030917069, 144.9710350647198)",-37.82956030917069,144.9710350647198
,1055,981W,Present,"(-37.8184925682074, 144.96217929286786)",-37.8184925682074,144.96217929286786
,5017,9449S,Unoccupied,"(-37.830255286799684, 144.96593472032285)",-37.830255286799684,144.96593472032285
,6277,13432E,Present,"(-37.818785908444724, 144.94860982471914)",-37.818785908444724,144.94860982471914
,950,C806,Unoccupied,"(-37.81137803962183, 144.96744465926923)",-37.81137803962183,144.96744465926923
,5926,12813S,Unoccupied,"(-37.803042318039786, 144.96772768939778)",-37.803042318039786,144.96772768939778
,5242,11509S,Present,"(-37.811666544616806, 144.9527043470513)",-37.811666544616806,144.9527043470513
,3847,C5580,Unoccupied,"(-37.80632339665107, 144.95392640003823)",-37.80632339665107,144.95392640003823
,3797,C5418,Present,"(-37.80823469346832, 144.95480119265767)",-37.80823469346832,144.95480119265767
,4058,C6154,Present,"(-37.80401705888572, 144.9524639590897)",-37.80401705888572,144.9524639590897
,4348,C7112,Present,"(-37.8079897149833, 144.95423345692586)",-37.8079897149833,144.95423345692586
,3880,C5656,Present,"(-37.806617521044075, 144.95501761198784)",-37.806617521044075,144.95501761198784
,2642,10116E,Unoccupied,"(-37.803361894255374, 144.94817847650575)",-37.803361894255374,144.94817847650575
,2749,4580E,Present,"(-37.80793927082333, 144.96599596432765)",-37.80793927082333,144.96599596432765
,3911,C5736,Unoccupied,"(-37.805054202619075, 144.95529309991852)",-37.805054202619075,144.95529309991852
,3956,C5880,Unoccupied,"(-37.805049362625496, 144.9537931885639)",-37.805049362625496,144.9537931885639
,5862,C9150,Present,"(-37.79843097783437, 144.96501800911716)",-37.79843097783437,144.96501800911716
,4284,C6904,Present,"(-37.809225058582896, 144.9558161699686)",-37.809225058582896,144.9558161699686
,2632,10102E,Present,"(-37.80374342669734, 144.94811070076594)",-37.80374342669734,144.94811070076594
,2310,2849S,Unoccupied,"(-37.81069421799198, 144.9680226620169)",-37.81069421799198,144.9680226620169
,5886,12905S,Present,"(-37.79853551627522, 144.965142058334)",-37.79853551627522,144.965142058334
,6091,13249S,Unoccupied,"(-37.820097325046675, 144.94321334867416)",-37.820097325046675,144.94321334867416
,1472,1777S,Present,"(-37.816775252167844, 144.96602201405722)",-37.816775252167844,144.96602201405722
,6192,13274N,Present,"(-37.820201470670746, 144.94223168804564)",-37.820201470670746,144.94223168804564
,3556,7082N,Unoccupied,"(-37.80879376806563, 144.95367715058157)",-37.80879376806563,144.95367715058157
,3814,C5470,Present,"(-37.80737735622807, 144.9544048264981)",-37.80737735622807,144.9544048264981
,4006,C6050,Present,"(-37.80602702323796, 144.9521101242498)",-37.80602702323796,144.9521101242498
,3957,C5882,Present,"(-37.80502575552135, 144.95379739471906)",-37.80502575552135,144.95379739471906
,4069,C6176,Unoccupied,"(-37.80373641156282, 144.95251392706675)",-37.80373641156282,144.95251392706675
,3974,C5916,Present,"(-37.80445717101084, 144.95389918647953)",-37.80445717101084,144.95389918647953
,3809,C5454,Present,"(-37.80749564751712, 144.95445854052207)",-37.80749564751712,144.95445854052207
,4085,C6284,Unoccupied,"(-37.804997748785695, 144.95078534515235)",-37.804997748785695,144.95078534515235
,5022,9455S,Present,"(-37.8302858788631, 144.965829067967)",-37.8302858788631,144.965829067967
,4009,C6056,Unoccupied,"(-37.805957885073894, 144.952122521354)",-37.805957885073894,144.952122521354
,2685,10194E,Present,"(-37.80368581491156, 144.94960640827674)",-37.80368581491156,144.94960640827674
,4122,C6406,Unoccupied,"(-37.80368004193126, 144.9510178787948)",-37.80368004193126,144.9510178787948
,6332,13482E,Present,"(-37.81949229145816, 144.9504366415831)",-37.81949229145816,144.9504366415831
,2999,5048E,Present,"(-37.805320727736856, 144.95814372075984)",-37.805320727736856,144.95814372075984
,3871,C5638,Unoccupied,"(-37.80689341253498, 144.95498678939614)",-37.80689341253498,144.95498678939614
,5229,11512N,Unoccupied,"(-37.81171126342535, 144.95212969396388)",-37.81171126342535,144.95212969396388
,3572,7101S,Unoccupied,"(-37.80909926288987, 144.95313558997623)",-37.80909926288987,144.95313558997623
,7056,4686Ea,Present,"(-37.804994804480884, 144.95918466191517)",-37.804994804480884,144.95918466191517
